{"cameraMode":{"drawMode":0,"name":"Shaded","section":"Shading Mode"},"sceneLighting":true,"audioPlay":false,"sceneViewState":{"showFog":true,"showMaterialUpdate":true,"showSkybox":true,"showFlares":true,"showImageEffects":true,"showParticleSystems":true},"in2DMode":false,"pivot":{"x":1.3126646280288697,"y":0.6071048378944397,"z":0.38797634840011599},"rotation":{"x":-0.16328562796115876,"y":-0.7169895172119141,"z":0.17912337183952332,"w":-0.6536353826522827},"size":2.1360015869140627,"orthographic":false}