{"cameraMode":{"drawMode":0,"name":"Shaded","section":"Shading Mode"},"sceneLighting":true,"audioPlay":false,"sceneViewState":{"showFog":true,"showMaterialUpdate":true,"showSkybox":true,"showFlares":true,"showImageEffects":true,"showParticleSystems":true},"in2DMode":false,"pivot":{"x":13.08275318145752,"y":-0.7791483402252197,"z":2.028629779815674},"rotation":{"x":0.07889334857463837,"y":0.673111081123352,"z":-0.07256758958101273,"w":0.7317439913749695},"size":8.329808235168457,"orthographic":false}