{"cameraMode":{"drawMode":0,"name":"Shaded","section":"Shading Mode"},"sceneLighting":true,"audioPlay":false,"sceneViewState":{"showFog":true,"showMaterialUpdate":true,"showSkybox":true,"showFlares":true,"showImageEffects":true,"showParticleSystems":true},"in2DMode":false,"pivot":{"x":-12.592244148254395,"y":-17.248140335083009,"z":13.996522903442383},"rotation":{"x":0.3776402771472931,"y":-0.32786548137664797,"z":0.1450042873620987,"w":0.8538933992385864},"size":19.08392333984375,"orthographic":false}